rank,sequence,pos,aa,importance_raw,importance,p_target,target
1,GGGGEEGRRRRRRRRRRRRR,1,G,1.4424324035644531e-05,0.5537757437070938,0.5010915994644165,TFRC
1,GGGGEEGRRRRRRRRRRRRR,2,G,1.4424324035644531e-05,0.5537757437070938,0.5010915994644165,TFRC
1,GGGGEEGRRRRRRRRRRRRR,3,G,1.4424324035644531e-05,0.5537757437070938,0.5010915994644165,TFRC
1,GGGGEEGRRRRRRRRRRRRR,4,G,1.4424324035644531e-05,0.5537757437070938,0.5010915994644165,TFRC
1,GGGGEEGRRRRRRRRRRRRR,5,E,0,0.0,0.5010915994644165,TFRC
1,GGGGEEGRRRRRRRRRRRRR,6,E,0,0.0,0.5010915994644165,TFRC
1,GGGGEEGRRRRRRRRRRRRR,7,G,2.6047229766845703e-05,1.0,0.5010915994644165,TFRC
1,GGGGEEGRRRRRRRRRRRRR,8,R,2.3663043975830078e-05,0.9084668192219679,0.5010915994644165,TFRC
1,GGGGEEGRRRRRRRRRRRRR,9,R,2.3663043975830078e-05,0.9084668192219679,0.5010915994644165,TFRC
1,GGGGEEGRRRRRRRRRRRRR,10,R,2.3663043975830078e-05,0.9084668192219679,0.5010915994644165,TFRC
1,GGGGEEGRRRRRRRRRRRRR,11,R,2.3663043975830078e-05,0.9084668192219679,0.5010915994644165,TFRC
1,GGGGEEGRRRRRRRRRRRRR,12,R,2.3663043975830078e-05,0.9084668192219679,0.5010915994644165,TFRC
1,GGGGEEGRRRRRRRRRRRRR,13,R,2.3663043975830078e-05,0.9084668192219679,0.5010915994644165,TFRC
1,GGGGEEGRRRRRRRRRRRRR,14,R,2.3663043975830078e-05,0.9084668192219679,0.5010915994644165,TFRC
1,GGGGEEGRRRRRRRRRRRRR,15,R,2.3663043975830078e-05,0.9084668192219679,0.5010915994644165,TFRC
1,GGGGEEGRRRRRRRRRRRRR,16,R,2.3663043975830078e-05,0.9084668192219679,0.5010915994644165,TFRC
1,GGGGEEGRRRRRRRRRRRRR,17,R,2.3663043975830078e-05,0.9084668192219679,0.5010915994644165,TFRC
1,GGGGEEGRRRRRRRRRRRRR,18,R,2.3663043975830078e-05,0.9084668192219679,0.5010915994644165,TFRC
1,GGGGEEGRRRRRRRRRRRRR,19,R,2.3663043975830078e-05,0.9084668192219679,0.5010915994644165,TFRC
1,GGGGEEGRRRRRRRRRRRRR,20,R,2.3663043975830078e-05,0.9084668192219679,0.5010915994644165,TFRC
2,GGGGEEGRRRRRRRRRRRRR,1,G,1.4424324035644531e-05,0.5537757437070938,0.5010915994644165,TFRC
2,GGGGEEGRRRRRRRRRRRRR,2,G,1.4424324035644531e-05,0.5537757437070938,0.5010915994644165,TFRC
2,GGGGEEGRRRRRRRRRRRRR,3,G,1.4424324035644531e-05,0.5537757437070938,0.5010915994644165,TFRC
2,GGGGEEGRRRRRRRRRRRRR,4,G,1.4424324035644531e-05,0.5537757437070938,0.5010915994644165,TFRC
2,GGGGEEGRRRRRRRRRRRRR,5,E,0,0.0,0.5010915994644165,TFRC
2,GGGGEEGRRRRRRRRRRRRR,6,E,0,0.0,0.5010915994644165,TFRC
2,GGGGEEGRRRRRRRRRRRRR,7,G,2.6047229766845703e-05,1.0,0.5010915994644165,TFRC
2,GGGGEEGRRRRRRRRRRRRR,8,R,2.3663043975830078e-05,0.9084668192219679,0.5010915994644165,TFRC
2,GGGGEEGRRRRRRRRRRRRR,9,R,2.3663043975830078e-05,0.9084668192219679,0.5010915994644165,TFRC
2,GGGGEEGRRRRRRRRRRRRR,10,R,2.3663043975830078e-05,0.9084668192219679,0.5010915994644165,TFRC
2,GGGGEEGRRRRRRRRRRRRR,11,R,2.3663043975830078e-05,0.9084668192219679,0.5010915994644165,TFRC
2,GGGGEEGRRRRRRRRRRRRR,12,R,2.3663043975830078e-05,0.9084668192219679,0.5010915994644165,TFRC
2,GGGGEEGRRRRRRRRRRRRR,13,R,2.3663043975830078e-05,0.9084668192219679,0.5010915994644165,TFRC
2,GGGGEEGRRRRRRRRRRRRR,14,R,2.3663043975830078e-05,0.9084668192219679,0.5010915994644165,TFRC
2,GGGGEEGRRRRRRRRRRRRR,15,R,2.3663043975830078e-05,0.9084668192219679,0.5010915994644165,TFRC
2,GGGGEEGRRRRRRRRRRRRR,16,R,2.3663043975830078e-05,0.9084668192219679,0.5010915994644165,TFRC
2,GGGGEEGRRRRRRRRRRRRR,17,R,2.3663043975830078e-05,0.9084668192219679,0.5010915994644165,TFRC
2,GGGGEEGRRRRRRRRRRRRR,18,R,2.3663043975830078e-05,0.9084668192219679,0.5010915994644165,TFRC
2,GGGGEEGRRRRRRRRRRRRR,19,R,2.3663043975830078e-05,0.9084668192219679,0.5010915994644165,TFRC
2,GGGGEEGRRRRRRRRRRRRR,20,R,2.3663043975830078e-05,0.9084668192219679,0.5010915994644165,TFRC
3,GGGGEEGRRRRRRRRRRRRR,1,G,1.4424324035644531e-05,0.5537757437070938,0.5010915994644165,TFRC
3,GGGGEEGRRRRRRRRRRRRR,2,G,1.4424324035644531e-05,0.5537757437070938,0.5010915994644165,TFRC
3,GGGGEEGRRRRRRRRRRRRR,3,G,1.4424324035644531e-05,0.5537757437070938,0.5010915994644165,TFRC
3,GGGGEEGRRRRRRRRRRRRR,4,G,1.4424324035644531e-05,0.5537757437070938,0.5010915994644165,TFRC
3,GGGGEEGRRRRRRRRRRRRR,5,E,0,0.0,0.5010915994644165,TFRC
3,GGGGEEGRRRRRRRRRRRRR,6,E,0,0.0,0.5010915994644165,TFRC
3,GGGGEEGRRRRRRRRRRRRR,7,G,2.6047229766845703e-05,1.0,0.5010915994644165,TFRC
3,GGGGEEGRRRRRRRRRRRRR,8,R,2.3663043975830078e-05,0.9084668192219679,0.5010915994644165,TFRC
3,GGGGEEGRRRRRRRRRRRRR,9,R,2.3663043975830078e-05,0.9084668192219679,0.5010915994644165,TFRC
3,GGGGEEGRRRRRRRRRRRRR,10,R,2.3663043975830078e-05,0.9084668192219679,0.5010915994644165,TFRC
3,GGGGEEGRRRRRRRRRRRRR,11,R,2.3663043975830078e-05,0.9084668192219679,0.5010915994644165,TFRC
3,GGGGEEGRRRRRRRRRRRRR,12,R,2.3663043975830078e-05,0.9084668192219679,0.5010915994644165,TFRC
3,GGGGEEGRRRRRRRRRRRRR,13,R,2.3663043975830078e-05,0.9084668192219679,0.5010915994644165,TFRC
3,GGGGEEGRRRRRRRRRRRRR,14,R,2.3663043975830078e-05,0.9084668192219679,0.5010915994644165,TFRC
3,GGGGEEGRRRRRRRRRRRRR,15,R,2.3663043975830078e-05,0.9084668192219679,0.5010915994644165,TFRC
3,GGGGEEGRRRRRRRRRRRRR,16,R,2.3663043975830078e-05,0.9084668192219679,0.5010915994644165,TFRC
3,GGGGEEGRRRRRRRRRRRRR,17,R,2.3663043975830078e-05,0.9084668192219679,0.5010915994644165,TFRC
3,GGGGEEGRRRRRRRRRRRRR,18,R,2.3663043975830078e-05,0.9084668192219679,0.5010915994644165,TFRC
3,GGGGEEGRRRRRRRRRRRRR,19,R,2.3663043975830078e-05,0.9084668192219679,0.5010915994644165,TFRC
3,GGGGEEGRRRRRRRRRRRRR,20,R,2.3663043975830078e-05,0.9084668192219679,0.5010915994644165,TFRC
4,GGGGEEGRRRRRRRRRRRRR,1,G,1.4424324035644531e-05,0.5537757437070938,0.5010915994644165,TFRC
4,GGGGEEGRRRRRRRRRRRRR,2,G,1.4424324035644531e-05,0.5537757437070938,0.5010915994644165,TFRC
4,GGGGEEGRRRRRRRRRRRRR,3,G,1.4424324035644531e-05,0.5537757437070938,0.5010915994644165,TFRC
4,GGGGEEGRRRRRRRRRRRRR,4,G,1.4424324035644531e-05,0.5537757437070938,0.5010915994644165,TFRC
4,GGGGEEGRRRRRRRRRRRRR,5,E,0,0.0,0.5010915994644165,TFRC
4,GGGGEEGRRRRRRRRRRRRR,6,E,0,0.0,0.5010915994644165,TFRC
4,GGGGEEGRRRRRRRRRRRRR,7,G,2.6047229766845703e-05,1.0,0.5010915994644165,TFRC
4,GGGGEEGRRRRRRRRRRRRR,8,R,2.3663043975830078e-05,0.9084668192219679,0.5010915994644165,TFRC
4,GGGGEEGRRRRRRRRRRRRR,9,R,2.3663043975830078e-05,0.9084668192219679,0.5010915994644165,TFRC
4,GGGGEEGRRRRRRRRRRRRR,10,R,2.3663043975830078e-05,0.9084668192219679,0.5010915994644165,TFRC
4,GGGGEEGRRRRRRRRRRRRR,11,R,2.3663043975830078e-05,0.9084668192219679,0.5010915994644165,TFRC
4,GGGGEEGRRRRRRRRRRRRR,12,R,2.3663043975830078e-05,0.9084668192219679,0.5010915994644165,TFRC
4,GGGGEEGRRRRRRRRRRRRR,13,R,2.3663043975830078e-05,0.9084668192219679,0.5010915994644165,TFRC
4,GGGGEEGRRRRRRRRRRRRR,14,R,2.3663043975830078e-05,0.9084668192219679,0.5010915994644165,TFRC
4,GGGGEEGRRRRRRRRRRRRR,15,R,2.3663043975830078e-05,0.9084668192219679,0.5010915994644165,TFRC
4,GGGGEEGRRRRRRRRRRRRR,16,R,2.3663043975830078e-05,0.9084668192219679,0.5010915994644165,TFRC
4,GGGGEEGRRRRRRRRRRRRR,17,R,2.3663043975830078e-05,0.9084668192219679,0.5010915994644165,TFRC
4,GGGGEEGRRRRRRRRRRRRR,18,R,2.3663043975830078e-05,0.9084668192219679,0.5010915994644165,TFRC
4,GGGGEEGRRRRRRRRRRRRR,19,R,2.3663043975830078e-05,0.9084668192219679,0.5010915994644165,TFRC
4,GGGGEEGRRRRRRRRRRRRR,20,R,2.3663043975830078e-05,0.9084668192219679,0.5010915994644165,TFRC
5,GGGGEEGRRRRRRRRRRRRR,1,G,1.4424324035644531e-05,0.5537757437070938,0.5010915994644165,TFRC
5,GGGGEEGRRRRRRRRRRRRR,2,G,1.4424324035644531e-05,0.5537757437070938,0.5010915994644165,TFRC
5,GGGGEEGRRRRRRRRRRRRR,3,G,1.4424324035644531e-05,0.5537757437070938,0.5010915994644165,TFRC
5,GGGGEEGRRRRRRRRRRRRR,4,G,1.4424324035644531e-05,0.5537757437070938,0.5010915994644165,TFRC
5,GGGGEEGRRRRRRRRRRRRR,5,E,0,0.0,0.5010915994644165,TFRC
5,GGGGEEGRRRRRRRRRRRRR,6,E,0,0.0,0.5010915994644165,TFRC
5,GGGGEEGRRRRRRRRRRRRR,7,G,2.6047229766845703e-05,1.0,0.5010915994644165,TFRC
5,GGGGEEGRRRRRRRRRRRRR,8,R,2.3663043975830078e-05,0.9084668192219679,0.5010915994644165,TFRC
5,GGGGEEGRRRRRRRRRRRRR,9,R,2.3663043975830078e-05,0.9084668192219679,0.5010915994644165,TFRC
5,GGGGEEGRRRRRRRRRRRRR,10,R,2.3663043975830078e-05,0.9084668192219679,0.5010915994644165,TFRC
5,GGGGEEGRRRRRRRRRRRRR,11,R,2.3663043975830078e-05,0.9084668192219679,0.5010915994644165,TFRC
5,GGGGEEGRRRRRRRRRRRRR,12,R,2.3663043975830078e-05,0.9084668192219679,0.5010915994644165,TFRC
5,GGGGEEGRRRRRRRRRRRRR,13,R,2.3663043975830078e-05,0.9084668192219679,0.5010915994644165,TFRC
5,GGGGEEGRRRRRRRRRRRRR,14,R,2.3663043975830078e-05,0.9084668192219679,0.5010915994644165,TFRC
5,GGGGEEGRRRRRRRRRRRRR,15,R,2.3663043975830078e-05,0.9084668192219679,0.5010915994644165,TFRC
5,GGGGEEGRRRRRRRRRRRRR,16,R,2.3663043975830078e-05,0.9084668192219679,0.5010915994644165,TFRC
5,GGGGEEGRRRRRRRRRRRRR,17,R,2.3663043975830078e-05,0.9084668192219679,0.5010915994644165,TFRC
5,GGGGEEGRRRRRRRRRRRRR,18,R,2.3663043975830078e-05,0.9084668192219679,0.5010915994644165,TFRC
5,GGGGEEGRRRRRRRRRRRRR,19,R,2.3663043975830078e-05,0.9084668192219679,0.5010915994644165,TFRC
5,GGGGEEGRRRRRRRRRRRRR,20,R,2.3663043975830078e-05,0.9084668192219679,0.5010915994644165,TFRC
6,GGGGEEGRRRRRRRRRRRRR,1,G,1.4424324035644531e-05,0.5537757437070938,0.5010915994644165,TFRC
6,GGGGEEGRRRRRRRRRRRRR,2,G,1.4424324035644531e-05,0.5537757437070938,0.5010915994644165,TFRC
6,GGGGEEGRRRRRRRRRRRRR,3,G,1.4424324035644531e-05,0.5537757437070938,0.5010915994644165,TFRC
6,GGGGEEGRRRRRRRRRRRRR,4,G,1.4424324035644531e-05,0.5537757437070938,0.5010915994644165,TFRC
6,GGGGEEGRRRRRRRRRRRRR,5,E,0,0.0,0.5010915994644165,TFRC
6,GGGGEEGRRRRRRRRRRRRR,6,E,0,0.0,0.5010915994644165,TFRC
6,GGGGEEGRRRRRRRRRRRRR,7,G,2.6047229766845703e-05,1.0,0.5010915994644165,TFRC
6,GGGGEEGRRRRRRRRRRRRR,8,R,2.3663043975830078e-05,0.9084668192219679,0.5010915994644165,TFRC
6,GGGGEEGRRRRRRRRRRRRR,9,R,2.3663043975830078e-05,0.9084668192219679,0.5010915994644165,TFRC
6,GGGGEEGRRRRRRRRRRRRR,10,R,2.3663043975830078e-05,0.9084668192219679,0.5010915994644165,TFRC
6,GGGGEEGRRRRRRRRRRRRR,11,R,2.3663043975830078e-05,0.9084668192219679,0.5010915994644165,TFRC
6,GGGGEEGRRRRRRRRRRRRR,12,R,2.3663043975830078e-05,0.9084668192219679,0.5010915994644165,TFRC
6,GGGGEEGRRRRRRRRRRRRR,13,R,2.3663043975830078e-05,0.9084668192219679,0.5010915994644165,TFRC
6,GGGGEEGRRRRRRRRRRRRR,14,R,2.3663043975830078e-05,0.9084668192219679,0.5010915994644165,TFRC
6,GGGGEEGRRRRRRRRRRRRR,15,R,2.3663043975830078e-05,0.9084668192219679,0.5010915994644165,TFRC
6,GGGGEEGRRRRRRRRRRRRR,16,R,2.3663043975830078e-05,0.9084668192219679,0.5010915994644165,TFRC
6,GGGGEEGRRRRRRRRRRRRR,17,R,2.3663043975830078e-05,0.9084668192219679,0.5010915994644165,TFRC
6,GGGGEEGRRRRRRRRRRRRR,18,R,2.3663043975830078e-05,0.9084668192219679,0.5010915994644165,TFRC
6,GGGGEEGRRRRRRRRRRRRR,19,R,2.3663043975830078e-05,0.9084668192219679,0.5010915994644165,TFRC
6,GGGGEEGRRRRRRRRRRRRR,20,R,2.3663043975830078e-05,0.9084668192219679,0.5010915994644165,TFRC
7,GGGGEEGRRRRRRRRRRRRR,1,G,1.4424324035644531e-05,0.5537757437070938,0.5010915994644165,TFRC
7,GGGGEEGRRRRRRRRRRRRR,2,G,1.4424324035644531e-05,0.5537757437070938,0.5010915994644165,TFRC
7,GGGGEEGRRRRRRRRRRRRR,3,G,1.4424324035644531e-05,0.5537757437070938,0.5010915994644165,TFRC
7,GGGGEEGRRRRRRRRRRRRR,4,G,1.4424324035644531e-05,0.5537757437070938,0.5010915994644165,TFRC
7,GGGGEEGRRRRRRRRRRRRR,5,E,0,0.0,0.5010915994644165,TFRC
7,GGGGEEGRRRRRRRRRRRRR,6,E,0,0.0,0.5010915994644165,TFRC
7,GGGGEEGRRRRRRRRRRRRR,7,G,2.6047229766845703e-05,1.0,0.5010915994644165,TFRC
7,GGGGEEGRRRRRRRRRRRRR,8,R,2.3663043975830078e-05,0.9084668192219679,0.5010915994644165,TFRC
7,GGGGEEGRRRRRRRRRRRRR,9,R,2.3663043975830078e-05,0.9084668192219679,0.5010915994644165,TFRC
7,GGGGEEGRRRRRRRRRRRRR,10,R,2.3663043975830078e-05,0.9084668192219679,0.5010915994644165,TFRC
7,GGGGEEGRRRRRRRRRRRRR,11,R,2.3663043975830078e-05,0.9084668192219679,0.5010915994644165,TFRC
7,GGGGEEGRRRRRRRRRRRRR,12,R,2.3663043975830078e-05,0.9084668192219679,0.5010915994644165,TFRC
7,GGGGEEGRRRRRRRRRRRRR,13,R,2.3663043975830078e-05,0.9084668192219679,0.5010915994644165,TFRC
7,GGGGEEGRRRRRRRRRRRRR,14,R,2.3663043975830078e-05,0.9084668192219679,0.5010915994644165,TFRC
7,GGGGEEGRRRRRRRRRRRRR,15,R,2.3663043975830078e-05,0.9084668192219679,0.5010915994644165,TFRC
7,GGGGEEGRRRRRRRRRRRRR,16,R,2.3663043975830078e-05,0.9084668192219679,0.5010915994644165,TFRC
7,GGGGEEGRRRRRRRRRRRRR,17,R,2.3663043975830078e-05,0.9084668192219679,0.5010915994644165,TFRC
7,GGGGEEGRRRRRRRRRRRRR,18,R,2.3663043975830078e-05,0.9084668192219679,0.5010915994644165,TFRC
7,GGGGEEGRRRRRRRRRRRRR,19,R,2.3663043975830078e-05,0.9084668192219679,0.5010915994644165,TFRC
7,GGGGEEGRRRRRRRRRRRRR,20,R,2.3663043975830078e-05,0.9084668192219679,0.5010915994644165,TFRC
8,GGGGEEGRRRRRRRRRRRRR,1,G,1.4424324035644531e-05,0.5537757437070938,0.5010915994644165,TFRC
8,GGGGEEGRRRRRRRRRRRRR,2,G,1.4424324035644531e-05,0.5537757437070938,0.5010915994644165,TFRC
8,GGGGEEGRRRRRRRRRRRRR,3,G,1.4424324035644531e-05,0.5537757437070938,0.5010915994644165,TFRC
8,GGGGEEGRRRRRRRRRRRRR,4,G,1.4424324035644531e-05,0.5537757437070938,0.5010915994644165,TFRC
8,GGGGEEGRRRRRRRRRRRRR,5,E,0,0.0,0.5010915994644165,TFRC
8,GGGGEEGRRRRRRRRRRRRR,6,E,0,0.0,0.5010915994644165,TFRC
8,GGGGEEGRRRRRRRRRRRRR,7,G,2.6047229766845703e-05,1.0,0.5010915994644165,TFRC
8,GGGGEEGRRRRRRRRRRRRR,8,R,2.3663043975830078e-05,0.9084668192219679,0.5010915994644165,TFRC
8,GGGGEEGRRRRRRRRRRRRR,9,R,2.3663043975830078e-05,0.9084668192219679,0.5010915994644165,TFRC
8,GGGGEEGRRRRRRRRRRRRR,10,R,2.3663043975830078e-05,0.9084668192219679,0.5010915994644165,TFRC
8,GGGGEEGRRRRRRRRRRRRR,11,R,2.3663043975830078e-05,0.9084668192219679,0.5010915994644165,TFRC
8,GGGGEEGRRRRRRRRRRRRR,12,R,2.3663043975830078e-05,0.9084668192219679,0.5010915994644165,TFRC
8,GGGGEEGRRRRRRRRRRRRR,13,R,2.3663043975830078e-05,0.9084668192219679,0.5010915994644165,TFRC
8,GGGGEEGRRRRRRRRRRRRR,14,R,2.3663043975830078e-05,0.9084668192219679,0.5010915994644165,TFRC
8,GGGGEEGRRRRRRRRRRRRR,15,R,2.3663043975830078e-05,0.9084668192219679,0.5010915994644165,TFRC
8,GGGGEEGRRRRRRRRRRRRR,16,R,2.3663043975830078e-05,0.9084668192219679,0.5010915994644165,TFRC
8,GGGGEEGRRRRRRRRRRRRR,17,R,2.3663043975830078e-05,0.9084668192219679,0.5010915994644165,TFRC
8,GGGGEEGRRRRRRRRRRRRR,18,R,2.3663043975830078e-05,0.9084668192219679,0.5010915994644165,TFRC
8,GGGGEEGRRRRRRRRRRRRR,19,R,2.3663043975830078e-05,0.9084668192219679,0.5010915994644165,TFRC
8,GGGGEEGRRRRRRRRRRRRR,20,R,2.3663043975830078e-05,0.9084668192219679,0.5010915994644165,TFRC
9,GGGGEEGRRRRRRRRRRRRR,1,G,1.4424324035644531e-05,0.5537757437070938,0.5010915994644165,TFRC
9,GGGGEEGRRRRRRRRRRRRR,2,G,1.4424324035644531e-05,0.5537757437070938,0.5010915994644165,TFRC
9,GGGGEEGRRRRRRRRRRRRR,3,G,1.4424324035644531e-05,0.5537757437070938,0.5010915994644165,TFRC
9,GGGGEEGRRRRRRRRRRRRR,4,G,1.4424324035644531e-05,0.5537757437070938,0.5010915994644165,TFRC
9,GGGGEEGRRRRRRRRRRRRR,5,E,0,0.0,0.5010915994644165,TFRC
9,GGGGEEGRRRRRRRRRRRRR,6,E,0,0.0,0.5010915994644165,TFRC
9,GGGGEEGRRRRRRRRRRRRR,7,G,2.6047229766845703e-05,1.0,0.5010915994644165,TFRC
9,GGGGEEGRRRRRRRRRRRRR,8,R,2.3663043975830078e-05,0.9084668192219679,0.5010915994644165,TFRC
9,GGGGEEGRRRRRRRRRRRRR,9,R,2.3663043975830078e-05,0.9084668192219679,0.5010915994644165,TFRC
9,GGGGEEGRRRRRRRRRRRRR,10,R,2.3663043975830078e-05,0.9084668192219679,0.5010915994644165,TFRC
9,GGGGEEGRRRRRRRRRRRRR,11,R,2.3663043975830078e-05,0.9084668192219679,0.5010915994644165,TFRC
9,GGGGEEGRRRRRRRRRRRRR,12,R,2.3663043975830078e-05,0.9084668192219679,0.5010915994644165,TFRC
9,GGGGEEGRRRRRRRRRRRRR,13,R,2.3663043975830078e-05,0.9084668192219679,0.5010915994644165,TFRC
9,GGGGEEGRRRRRRRRRRRRR,14,R,2.3663043975830078e-05,0.9084668192219679,0.5010915994644165,TFRC
9,GGGGEEGRRRRRRRRRRRRR,15,R,2.3663043975830078e-05,0.9084668192219679,0.5010915994644165,TFRC
9,GGGGEEGRRRRRRRRRRRRR,16,R,2.3663043975830078e-05,0.9084668192219679,0.5010915994644165,TFRC
9,GGGGEEGRRRRRRRRRRRRR,17,R,2.3663043975830078e-05,0.9084668192219679,0.5010915994644165,TFRC
9,GGGGEEGRRRRRRRRRRRRR,18,R,2.3663043975830078e-05,0.9084668192219679,0.5010915994644165,TFRC
9,GGGGEEGRRRRRRRRRRRRR,19,R,2.3663043975830078e-05,0.9084668192219679,0.5010915994644165,TFRC
9,GGGGEEGRRRRRRRRRRRRR,20,R,2.3663043975830078e-05,0.9084668192219679,0.5010915994644165,TFRC
10,GGGGEEGRRRRRRRRRRRRR,1,G,1.4424324035644531e-05,0.5537757437070938,0.5010915994644165,TFRC
10,GGGGEEGRRRRRRRRRRRRR,2,G,1.4424324035644531e-05,0.5537757437070938,0.5010915994644165,TFRC
10,GGGGEEGRRRRRRRRRRRRR,3,G,1.4424324035644531e-05,0.5537757437070938,0.5010915994644165,TFRC
10,GGGGEEGRRRRRRRRRRRRR,4,G,1.4424324035644531e-05,0.5537757437070938,0.5010915994644165,TFRC
10,GGGGEEGRRRRRRRRRRRRR,5,E,0,0.0,0.5010915994644165,TFRC
10,GGGGEEGRRRRRRRRRRRRR,6,E,0,0.0,0.5010915994644165,TFRC
10,GGGGEEGRRRRRRRRRRRRR,7,G,2.6047229766845703e-05,1.0,0.5010915994644165,TFRC
10,GGGGEEGRRRRRRRRRRRRR,8,R,2.3663043975830078e-05,0.9084668192219679,0.5010915994644165,TFRC
10,GGGGEEGRRRRRRRRRRRRR,9,R,2.3663043975830078e-05,0.9084668192219679,0.5010915994644165,TFRC
10,GGGGEEGRRRRRRRRRRRRR,10,R,2.3663043975830078e-05,0.9084668192219679,0.5010915994644165,TFRC
10,GGGGEEGRRRRRRRRRRRRR,11,R,2.3663043975830078e-05,0.9084668192219679,0.5010915994644165,TFRC
10,GGGGEEGRRRRRRRRRRRRR,12,R,2.3663043975830078e-05,0.9084668192219679,0.5010915994644165,TFRC
10,GGGGEEGRRRRRRRRRRRRR,13,R,2.3663043975830078e-05,0.9084668192219679,0.5010915994644165,TFRC
10,GGGGEEGRRRRRRRRRRRRR,14,R,2.3663043975830078e-05,0.9084668192219679,0.5010915994644165,TFRC
10,GGGGEEGRRRRRRRRRRRRR,15,R,2.3663043975830078e-05,0.9084668192219679,0.5010915994644165,TFRC
10,GGGGEEGRRRRRRRRRRRRR,16,R,2.3663043975830078e-05,0.9084668192219679,0.5010915994644165,TFRC
10,GGGGEEGRRRRRRRRRRRRR,17,R,2.3663043975830078e-05,0.9084668192219679,0.5010915994644165,TFRC
10,GGGGEEGRRRRRRRRRRRRR,18,R,2.3663043975830078e-05,0.9084668192219679,0.5010915994644165,TFRC
10,GGGGEEGRRRRRRRRRRRRR,19,R,2.3663043975830078e-05,0.9084668192219679,0.5010915994644165,TFRC
10,GGGGEEGRRRRRRRRRRRRR,20,R,2.3663043975830078e-05,0.9084668192219679,0.5010915994644165,TFRC
