sequence,score,length,hydropathy,charge,cysteines,repeats
CVTATCPPNGR,0.853030303030303,11,-0.18181818181818177,1,2,1
CVTATCPPNGR,0.853030303030303,11,-0.18181818181818177,1,2,1
CVTATCPPNGR,0.853030303030303,11,-0.18181818181818177,1,2,1
CVTATCPPNGR,0.853030303030303,11,-0.18181818181818177,1,2,1
CVTATCPPNGR,0.853030303030303,11,-0.18181818181818177,1,2,1
CVTATCPPNGR,0.853030303030303,11,-0.18181818181818177,1,2,1
CVTATCPPNGR,0.853030303030303,11,-0.18181818181818177,1,2,1
CVTATCPPNGR,0.853030303030303,11,-0.18181818181818177,1,2,1
CVTATCPPNGR,0.853030303030303,11,-0.18181818181818177,1,2,1
CVTATCPPNGR,0.853030303030303,11,-0.18181818181818177,1,2,1
CVTATCPPNGR,0.853030303030303,11,-0.18181818181818177,1,2,1
CVTATCPPNGR,0.853030303030303,11,-0.18181818181818177,1,2,1
CVTATCPPNGR,0.853030303030303,11,-0.18181818181818177,1,2,1
CVTATCPPNGR,0.853030303030303,11,-0.18181818181818177,1,2,1
CVTATCPPNGR,0.853030303030303,11,-0.18181818181818177,1,2,1
CVTATCPPNGR,0.853030303030303,11,-0.18181818181818177,1,2,1
CVTATCPPNGR,0.853030303030303,11,-0.18181818181818177,1,2,1
CVTATCPPNGR,0.853030303030303,11,-0.18181818181818177,1,2,1
CVTATCPPNGR,0.853030303030303,11,-0.18181818181818177,1,2,1
CVTATCPPNGR,0.853030303030303,11,-0.18181818181818177,1,2,1
CVTATCPPNGR,0.853030303030303,11,-0.18181818181818177,1,2,1
CVTATCPPNGR,0.853030303030303,11,-0.18181818181818177,1,2,1
CVTATCPPNGR,0.853030303030303,11,-0.18181818181818177,1,2,1
CVTATCPPNGR,0.853030303030303,11,-0.18181818181818177,1,2,1
CVTATCPPNGR,0.853030303030303,11,-0.18181818181818177,1,2,1
CVTATCPPNGR,0.853030303030303,11,-0.18181818181818177,1,2,1
CVTATCPPNGR,0.853030303030303,11,-0.18181818181818177,1,2,1
CVTATCPPNGR,0.853030303030303,11,-0.18181818181818177,1,2,1
CVTATCPPNGR,0.853030303030303,11,-0.18181818181818177,1,2,1
CVTATCPPNGR,0.853030303030303,11,-0.18181818181818177,1,2,1
CVTATCPPNGR,0.853030303030303,11,-0.18181818181818177,1,2,1
CVTATCPPNGR,0.853030303030303,11,-0.18181818181818177,1,2,1
CVTATCPPNGR,0.853030303030303,11,-0.18181818181818177,1,2,1
CVTATCPPNGR,0.853030303030303,11,-0.18181818181818177,1,2,1
CVTATCPPNGR,0.853030303030303,11,-0.18181818181818177,1,2,1
CVTATCPPNGR,0.853030303030303,11,-0.18181818181818177,1,2,1
CVTATCPPNGR,0.853030303030303,11,-0.18181818181818177,1,2,1
CVTATCPPNGR,0.853030303030303,11,-0.18181818181818177,1,2,1
CVTATCPPNGR,0.853030303030303,11,-0.18181818181818177,1,2,1
CVTATCPPNGR,0.853030303030303,11,-0.18181818181818177,1,2,1
CVTATCPPNGR,0.853030303030303,11,-0.18181818181818177,1,2,1
CVTATCPPNGR,0.853030303030303,11,-0.18181818181818177,1,2,1
CVTATCPPNGR,0.853030303030303,11,-0.18181818181818177,1,2,1
CVTATCPPNGR,0.853030303030303,11,-0.18181818181818177,1,2,1
CVTATCPPNGR,0.853030303030303,11,-0.18181818181818177,1,2,1
CVTATCPPNGR,0.853030303030303,11,-0.18181818181818177,1,2,1
CVTATCPPNGR,0.853030303030303,11,-0.18181818181818177,1,2,1
CVTATCPPNGR,0.853030303030303,11,-0.18181818181818177,1,2,1
CVTATCPPNGR,0.853030303030303,11,-0.18181818181818177,1,2,1
CVTATCPPNGR,0.853030303030303,11,-0.18181818181818177,1,2,1
CVTATCPPNGR,0.853030303030303,11,-0.18181818181818177,1,2,1
CVTATCPPNGR,0.853030303030303,11,-0.18181818181818177,1,2,1
CVTATCPPNGR,0.853030303030303,11,-0.18181818181818177,1,2,1
CVTATCPPNGR,0.853030303030303,11,-0.18181818181818177,1,2,1
CVTATCPPNGR,0.853030303030303,11,-0.18181818181818177,1,2,1
CVTATCPPNGR,0.853030303030303,11,-0.18181818181818177,1,2,1
CVTATCPPNGR,0.853030303030303,11,-0.18181818181818177,1,2,1
CVTATCPPNGR,0.853030303030303,11,-0.18181818181818177,1,2,1
CVTATCPPNGR,0.853030303030303,11,-0.18181818181818177,1,2,1
CVTATCPPNGR,0.853030303030303,11,-0.18181818181818177,1,2,1
CVTATCPPNGR,0.853030303030303,11,-0.18181818181818177,1,2,1
CVTATCPPNGR,0.853030303030303,11,-0.18181818181818177,1,2,1
CVTATCPPNGR,0.853030303030303,11,-0.18181818181818177,1,2,1
CVTATCPPNGR,0.853030303030303,11,-0.18181818181818177,1,2,1
CVTATCPPNGR,0.853030303030303,11,-0.18181818181818177,1,2,1
CVTATCPPNGR,0.853030303030303,11,-0.18181818181818177,1,2,1
CVTATCPPNGR,0.853030303030303,11,-0.18181818181818177,1,2,1
CVTATCPPNGR,0.853030303030303,11,-0.18181818181818177,1,2,1
CVTATCPPNGR,0.853030303030303,11,-0.18181818181818177,1,2,1
CVTATCPPNGR,0.853030303030303,11,-0.18181818181818177,1,2,1
CVTATCPPNGR,0.853030303030303,11,-0.18181818181818177,1,2,1
CVTATCPPNGR,0.853030303030303,11,-0.18181818181818177,1,2,1
CVTATCPPNGR,0.853030303030303,11,-0.18181818181818177,1,2,1
CVTATCPPNGR,0.853030303030303,11,-0.18181818181818177,1,2,1
CVTATCPPNGR,0.853030303030303,11,-0.18181818181818177,1,2,1
CVTATCPPNGR,0.853030303030303,11,-0.18181818181818177,1,2,1
CVTATCPPNGR,0.853030303030303,11,-0.18181818181818177,1,2,1
CVTATCPPNGR,0.853030303030303,11,-0.18181818181818177,1,2,1
CVTATCPPNGR,0.853030303030303,11,-0.18181818181818177,1,2,1
CVTATCPPNGR,0.853030303030303,11,-0.18181818181818177,1,2,1
CVTATCPPNGR,0.853030303030303,11,-0.18181818181818177,1,2,1
CVTATCPPNGR,0.853030303030303,11,-0.18181818181818177,1,2,1
CVTATCPPNGR,0.853030303030303,11,-0.18181818181818177,1,2,1
CVTATCPPNGR,0.853030303030303,11,-0.18181818181818177,1,2,1
CVTATCPPNGR,0.853030303030303,11,-0.18181818181818177,1,2,1
CVTATCPPNGR,0.853030303030303,11,-0.18181818181818177,1,2,1
CVTATCPPNGR,0.853030303030303,11,-0.18181818181818177,1,2,1
CVTATCPPNGR,0.853030303030303,11,-0.18181818181818177,1,2,1
CVTATCPPNGR,0.853030303030303,11,-0.18181818181818177,1,2,1
CVTATCPPNGR,0.853030303030303,11,-0.18181818181818177,1,2,1
CVTATCPPNGR,0.853030303030303,11,-0.18181818181818177,1,2,1
CVTATCPPNGR,0.853030303030303,11,-0.18181818181818177,1,2,1
CVTATCPPNGR,0.853030303030303,11,-0.18181818181818177,1,2,1
CVTATCPPNFR,0.7584848484848485,11,0.10909090909090911,1,2,1
CVTAWCPPNGR,0.7516666666666667,11,-0.20000000000000007,1,2,1
CVTATMPPNGR,0.748939393939394,11,-0.2363636363636363,1,1,1
CVTGTCPPNGR,0.738030303030303,11,-0.3818181818181819,1,2,1
CITAQCPPNGR,0.7359848484848484,11,-0.4090909090909091,1,2,1
CVTATPPPNGR,0.7250757575757576,11,-0.5545454545454546,1,1,2
GQTATCPPNTR,0.6787121212121212,11,-1.1727272727272728,1,1,1
